Codon,Amino Acid,Frequency
TAG,*,0.25
TGA,*,1.04
TAA,*,2.03
GCT,A,15.54
GCA,A,20.61
GCC,A,25.45
GCG,A,32.79
TGT,C,5.19
TGC,C,6.34
GAC,D,19.14
GAT,D,32.43
GAG,E,18.24
GAA,E,39.55
TTC,F,16.21
TTT,F,22.38
GGA,G,8.44
GGG,G,11.29
GGT,G,24.45
GGC,G,28.65
CAC,H,9.44
CAT,H,12.84
ATA,I,4.88
ATC,I,24.6
ATT,I,30.21
AAG,K,10.7
AAA,K,33.94
CTA,L,3.93
CTC,L,10.92
CTT,L,11.44
TTG,L,13.37
TTA,L,13.83
CTG,L,52.1
ATG,M,27.59
AAT,N,18.26
AAC,N,21.47
CCC,P,5.56
CCT,P,7.22
CCA,P,8.44
CCG,P,22.65
CAA,Q,15.1
CAG,Q,29.21
AGG,R,1.48
AGA,R,2.43
CGA,R,3.67
CGG,R,5.72
CGT,R,20.7
CGC,R,21.48
TCA,S,7.57
TCT,S,8.61
TCG,S,8.79
TCC,S,8.81
AGT,S,9.08
AGC,S,15.89
ACA,T,7.63
ACT,T,9.02
ACG,T,14.47
ACC,T,22.88
GTA,V,10.97
GTC,V,15.07
GTT,V,18.39
GTG,V,25.9
TGG,W,15.21
TAC,Y,12.15
TAT,Y,16.36